{"task": 39, "epoch": 19, "acc": 8.42, "avg_acc": [60.8, 58.2, 52.93333333333334, 52.900000000000006, 49.28, 44.4, 42.8, 40.050000000000004, 38.53333333333333, 38.04, 36.43636363636363, 34.63333333333333, 33.01538461538461, 32.71428571428571, 30.853333333333335, 29.825, 28.823529411764707, 26.644444444444446, 26.0421052631579, 24.64, 23.447619047619046, 22.618181818181817, 21.44347826086957, 20.033333333333335, 19.136, 18.215384615384615, 17.05185185185185, 17.1, 15.544827586206894, 15.173333333333334, 14.580645161290326, 13.212499999999999, 13.721212121212119, 13.176470588235293, 12.525714285714285, 11.02222222222222, 11.513513513513516, 10.578947368421053, 10.194871794871794, 8.419999999999998], "forgetting": 40.461538, "acc_per_task": [7.2, 19.6, 11.2, 38.4, 24.0, 8.0, 5.2, 3.6, 21.6, 2.0, 4.4, 10.8, 2.4, 0.0, 8.0, 6.4, 0.4, 5.2, 12.0, 1.2, 1.2, 0.0, 0.8, 2.0, 5.6, 1.6, 0.0, 0.4, 11.2, 0.8, 12.0, 8.8, 2.8, 0.0, 0.8, 0.8, 0.0, 11.6, 10.4, 74.4], "train_lr": 3.1249999999999985e-06, "bwt": -26.17, "fwt": 17.95, "test_acc1": 8.45, "test_acc5": 24.18, "mean_acc5": 53.41, "train_loss": 0.02992, "test_loss": 4.6638, "last_acc:": [7.2, 19.6, 11.2, 38.4, 24.0, 8.0, 5.2, 3.6, 21.6, 2.0, 4.4, 10.8, 2.4, 0.0, 8.0, 6.4, 0.4, 5.2, 12.0, 1.2, 1.2, 0.0, 0.8, 2.0, 5.6, 1.6, 0.0, 0.4, 11.2, 0.8, 12.0, 8.8, 2.8, 0.0, 0.8, 0.8, 0.0, 11.6, 10.4, 74.4], "last_acc_mean": 8.419999999999998, "avg_acc_mean": 27.256863833024887, "token_mean_dist": 0.56363, "token_min_dist": 0.49328, "token_max_dist": 0.62905}